2025-09-17_14-07-56,None,draft.py:2025-09-17_14-07-56
2025-09-17_14-07-58,None,draft.py:2025-09-17_14-07-56
2025-09-17_14-44-55,None,draft.py:2025-09-17_14-44-55
2025-09-17_14-57-06,None,draft.py:2025-09-17_14-57-06
2025-09-23_14-08-16,None,draft.py:2025-09-23_14-08-16
2025-09-23_14-08-20,None,draft.py:2025-09-23_14-08-16
2025-09-23_14-08-38,None,draft.py:2025-09-23_14-08-16
2025-09-24_00-27-55,None,draft.py:2025-09-23_14-08-16
2025-10-01_19-50-01,None,draft.py:2025-10-01_19-50-01
2025-10-01_19-50-27,None,draft.py:2025-10-01_19-50-01
2025-10-01_19-57-37,None,draft.py:2025-10-01_19-50-01
2025-10-01_19-58-22,None,draft.py:2025-10-01_19-58-22
2025-10-01_20-00-43,None,draft.py:2025-10-01_20-00-43
2025-10-01_20-04-51,None,draft.py:2025-10-01_20-04-51
