2025-09-23_14-10-03,None,draft.py:2025-09-23_14-10-03
2025-09-23_14-17-06,None,draft.py:2025-09-23_14-17-06
2025-09-23_14-22-47,None,draft.py:2025-09-23_14-22-47
2025-09-23_14-23-40,None,draft.py:2025-09-23_14-23-40
2025-09-23_14-24-01,None,draft.py:2025-09-23_14-24-01
<<<<<<< HEAD
2025-09-24_00-28-11,None,draft.py:2025-09-24_00-28-11
=======
2025-09-24_13-12-34,None,draft.py:2025-09-24_13-12-34
2025-09-24_14-17-01,None,draft.py:2025-09-24_13-12-34
>>>>>>> 7c113400c4b3bafc184aa852f5321bc44f74cf5e
2025-10-01_20-02-23,None,draft.py:2025-10-01_20-02-23
2025-10-01_20-04-29,None,draft.py:2025-10-01_20-02-23
2025-10-01_20-07-43,None,draft.py:2025-10-01_20-02-23
2025-10-01_20-09-52,None,draft.py:2025-10-01_20-09-52
2025-10-01_20-10-17,None,draft.py:2025-10-01_20-10-17
2025-10-01_20-12-32,None,draft.py:2025-10-01_20-12-32
2025-10-01_20-12-59,None,draft.py:2025-10-01_20-12-59
